name,address
Chaudhary Park Road,"Chaudhary Park Road, Pune, Maharashtra, India"
Ganga Ashiyana Road,"Ganga Ashiyana Road, Pune, Maharashtra, India"
sector 12,"sector 12, Pune, Maharashtra, India"
Dyanesh Park Lane 3,"Dyanesh Park Lane 3, Pune, Maharashtra, India"
Katraj Sinhagad Trek,"Katraj Sinhagad Trek, Pune, Maharashtra, India"
Andharban Trail,"Andharban Trail, Pune, Maharashtra, India"
Shubhamkaroti Road,"Shubhamkaroti Road, Pune, Maharashtra, India"
Torna,"Torna, Pune, Maharashtra, India"
Kothaligad,"Kothaligad, Pune, Maharashtra, India"
Dhak Bahiri,"Dhak Bahiri, Pune, Maharashtra, India"
Richmond Road,"Richmond Road, Pune, Maharashtra, India"
MG Road,"MG Road, Pune, Maharashtra, India"
Bhugaon Bypass road,"Bhugaon Bypass road, Pune, Maharashtra, India"
Shidi ghat,"Shidi ghat, Pune, Maharashtra, India"
Jivdhan route,"Jivdhan route, Pune, Maharashtra, India"
Jambhavali to Wadeshwar trail,"Jambhavali to Wadeshwar trail, Pune, Maharashtra, India"
Khetoba,"Khetoba, Pune, Maharashtra, India"
Chavand fort trail,"Chavand fort trail, Pune, Maharashtra, India"
Cinderella Society,"Cinderella Society, Pune, Maharashtra, India"
Saswad - Jeujuri Road,"Saswad - Jeujuri Road, Pune, Maharashtra, India"
Katraj PMPML Bus Stand,"Katraj PMPML Bus Stand, Pune, Maharashtra, India"
Taljai Forest Walking Path,"Taljai Forest Walking Path, Pune, Maharashtra, India"
Sarola Service Road,"Sarola Service Road, Pune, Maharashtra, India"
Pune - Bangalore Highway,"Pune - Bangalore Highway, Pune, Maharashtra, India"
Bhakti Shakti Chauk,"Bhakti Shakti Chauk, Pune, Maharashtra, India"
Dhamane Road,"Dhamane Road, Pune, Maharashtra, India"
Deccan Winds Resort,"Deccan Winds Resort, Pune, Maharashtra, India"
Manapa Bhavan PMPML Bus Stop Road,"Manapa Bhavan PMPML Bus Stop Road, Pune, Maharashtra, India"
Gaikwad Nagar Road,"Gaikwad Nagar Road, Pune, Maharashtra, India"
Katraj Sarpodyan PMPML Bus Depot Road,"Katraj Sarpodyan PMPML Bus Depot Road, Pune, Maharashtra, India"
Supe Patas Road (Via Kushegaon),"Supe Patas Road (Via Kushegaon), Pune, Maharashtra, India"
Bharat Ratna Doctor Babasaheb Ambedkar Flyover,"Bharat Ratna Doctor Babasaheb Ambedkar Flyover, Pune, Maharashtra, India"
Rohan Seher Lane,"Rohan Seher Lane, Pune, Maharashtra, India"
Hadapsar Gadital PMPML Bus Stand Road,"Hadapsar Gadital PMPML Bus Stand Road, Pune, Maharashtra, India"
Bhekrainagar PMPML Bus Depot Road,"Bhekrainagar PMPML Bus Depot Road, Pune, Maharashtra, India"
Jejuri - Morgaon - Baramati Road,"Jejuri - Morgaon - Baramati Road, Pune, Maharashtra, India"
Dreams Sankalp Society Internal Roads,"Dreams Sankalp Society Internal Roads, Pune, Maharashtra, India"
Pamnani Path,"Pamnani Path, Pune, Maharashtra, India"
Vrindavan Park Road,"Vrindavan Park Road, Pune, Maharashtra, India"
Sayali Garden Road,"Sayali Garden Road, Pune, Maharashtra, India"
Chinchwad - Akurdi Link Road,"Chinchwad - Akurdi Link Road, Pune, Maharashtra, India"
Alandi PMPML Bus Stand,"Alandi PMPML Bus Stand, Pune, Maharashtra, India"
University Sports Ground Walk,"University Sports Ground Walk, Pune, Maharashtra, India"
Nashik Phata - Wakad BRTS Underpass,"Nashik Phata - Wakad BRTS Underpass, Pune, Maharashtra, India"
Kalewadi Main Road / Aundh-Ravet Road,"Kalewadi Main Road / Aundh-Ravet Road, Pune, Maharashtra, India"
LMD Chowk,"LMD Chowk, Pune, Maharashtra, India"
Yavat Service Road,"Yavat Service Road, Pune, Maharashtra, India"
Harshwardhan Lawns Road,"Harshwardhan Lawns Road, Pune, Maharashtra, India"
Mandaki Ghode Uddan Road,"Mandaki Ghode Uddan Road, Pune, Maharashtra, India"
Upper Bus Depot Road,"Upper Bus Depot Road, Pune, Maharashtra, India"
Khed - Davadi Road,"Khed - Davadi Road, Pune, Maharashtra, India"
Bhalerao Road,"Bhalerao Road, Pune, Maharashtra, India"
Kurkumbh MIDC Road,"Kurkumbh MIDC Road, Pune, Maharashtra, India"
Bhavani Peth Police Line,"Bhavani Peth Police Line, Pune, Maharashtra, India"
Vision Ace Main Road,"Vision Ace Main Road, Pune, Maharashtra, India"
Pimple Gurav PMPML Bus Stand,"Pimple Gurav PMPML Bus Stand, Pune, Maharashtra, India"
Khadakwasla Village Bypass Road,"Khadakwasla Village Bypass Road, Pune, Maharashtra, India"
Malali Road,"Malali Road, Pune, Maharashtra, India"
Kumbharwada Road,"Kumbharwada Road, Pune, Maharashtra, India"
Savtamali Mandir Road,"Savtamali Mandir Road, Pune, Maharashtra, India"
Market Yard Road,"Market Yard Road, Pune, Maharashtra, India"
BOM Road,"BOM Road, Pune, Maharashtra, India"
Lonkar Mala Road,"Lonkar Mala Road, Pune, Maharashtra, India"
Lonavala ST Stand Road,"Lonavala ST Stand Road, Pune, Maharashtra, India"
Bus Stand Road,"Bus Stand Road, Pune, Maharashtra, India"
Maan - Mhalunge Connector Bridge,"Maan - Mhalunge Connector Bridge, Pune, Maharashtra, India"
Godrej / VTP Circle,"Godrej / VTP Circle, Pune, Maharashtra, India"
"Rigved, Parkhe Mala Road","Rigved, Parkhe Mala Road, Pune, Maharashtra, India"
"Lane 3, Green Park Society Rd","Lane 3, Green Park Society Rd, Pune, Maharashtra, India"
Aundh Ravet Road Flyover,"Aundh Ravet Road Flyover, Pune, Maharashtra, India"
Nandan Euphora Road,"Nandan Euphora Road, Pune, Maharashtra, India"
GK Lane Number 4,"GK Lane Number 4, Pune, Maharashtra, India"
Rajmata Jijau Flyover,"Rajmata Jijau Flyover, Pune, Maharashtra, India"
Patil Nagar Road | Windmill Village Road,"Patil Nagar Road | Windmill Village Road, Pune, Maharashtra, India"
Pune - Nashik Rd,"Pune - Nashik Rd, Pune, Maharashtra, India"
Mulshi Road Underpass,"Mulshi Road Underpass, Pune, Maharashtra, India"
Casa Imperia Road,"Casa Imperia Road, Pune, Maharashtra, India"
Gurudwara-Biajli Nagar Road,"Gurudwara-Biajli Nagar Road, Pune, Maharashtra, India"
Wadachi Wadi to Bopdev,"Wadachi Wadi to Bopdev, Pune, Maharashtra, India"
NDA Chowk,"NDA Chowk, Pune, Maharashtra, India"
Gulmohar colony path,"Gulmohar colony path, Pune, Maharashtra, India"
Suncity PMPML Bus Stand Road,"Suncity PMPML Bus Stand Road, Pune, Maharashtra, India"
Skyi Star City Internal Road,"Skyi Star City Internal Road, Pune, Maharashtra, India"
18th High Street,"18th High Street, Pune, Maharashtra, India"
BSNL Poona Club Gym Road,"BSNL Poona Club Gym Road, Pune, Maharashtra, India"
Lotus Park Road,"Lotus Park Road, Pune, Maharashtra, India"
Dangat Nagar Road,"Dangat Nagar Road, Pune, Maharashtra, India"
Grand View 7 Road,"Grand View 7 Road, Pune, Maharashtra, India"
Matalwadi Bus stop,"Matalwadi Bus stop, Pune, Maharashtra, India"
Aravind Ranade Path,"Aravind Ranade Path, Pune, Maharashtra, India"
Manik Nagar Lane No.2C,"Manik Nagar Lane No.2C, Pune, Maharashtra, India"
Riyaz Heights Lane,"Riyaz Heights Lane, Pune, Maharashtra, India"
RS Tower Lane,"RS Tower Lane, Pune, Maharashtra, India"
Inamdar Hospital Road,"Inamdar Hospital Road, Pune, Maharashtra, India"
bus,"bus, Pune, Maharashtra, India"
Bramha Estate Internal Road,"Bramha Estate Internal Road, Pune, Maharashtra, India"
Lane D2,"Lane D2, Pune, Maharashtra, India"
54/4,"54/4, Pune, Maharashtra, India"
Udyam Nagari Road,"Udyam Nagari Road, Pune, Maharashtra, India"
Palladium Exotica Inner Road,"Palladium Exotica Inner Road, Pune, Maharashtra, India"
Sai Nagari Road,"Sai Nagari Road, Pune, Maharashtra, India"
Ujjwal Road,"Ujjwal Road, Pune, Maharashtra, India"
lonkar,"lonkar, Pune, Maharashtra, India"
1st Cross Road,"1st Cross Road, Pune, Maharashtra, India"
Blind School Internal road,"Blind School Internal road, Pune, Maharashtra, India"
Society Road,"Society Road, Pune, Maharashtra, India"
Shantivan Society Road,"Shantivan Society Road, Pune, Maharashtra, India"
Shri Saptashrungi Devi Mandir Road,"Shri Saptashrungi Devi Mandir Road, Pune, Maharashtra, India"
Sai Heritage Road,"Sai Heritage Road, Pune, Maharashtra, India"
St. Anthony's Colony Road,"St. Anthony's Colony Road, Pune, Maharashtra, India"
RMD Collage Road,"RMD Collage Road, Pune, Maharashtra, India"
Marvel Sorrento Lane,"Marvel Sorrento Lane, Pune, Maharashtra, India"
Rutuja Park Lane No. 4,"Rutuja Park Lane No. 4, Pune, Maharashtra, India"
Green Hills NGO Road,"Green Hills NGO Road, Pune, Maharashtra, India"
Achanak Mitra Mandal Road,"Achanak Mitra Mandal Road, Pune, Maharashtra, India"
Vighnharta Colony Road,"Vighnharta Colony Road, Pune, Maharashtra, India"
Baramati Bypass,"Baramati Bypass, Pune, Maharashtra, India"
victory road,"victory road, Pune, Maharashtra, India"
Swapnagandha Society Internal Road,"Swapnagandha Society Internal Road, Pune, Maharashtra, India"
Sheikh Wasti Lane 1,"Sheikh Wasti Lane 1, Pune, Maharashtra, India"
Mayuri Tarangan Road,"Mayuri Tarangan Road, Pune, Maharashtra, India"
Boratyachi naal,"Boratyachi naal, Pune, Maharashtra, India"
Amanora School Road,"Amanora School Road, Pune, Maharashtra, India"
mohar pratima society road,"mohar pratima society road, Pune, Maharashtra, India"
Dr Homi Bhabha rd,"Dr Homi Bhabha rd, Pune, Maharashtra, India"
school road,"school road, Pune, Maharashtra, India"
Madhavrao Shirole Path,"Madhavrao Shirole Path, Pune, Maharashtra, India"
p.p.gagangiri road,"p.p.gagangiri road, Pune, Maharashtra, India"
Sukhniwas Internal Road,"Sukhniwas Internal Road, Pune, Maharashtra, India"
Karanjgaon Harijanwasti to Moramvadi Road,"Karanjgaon Harijanwasti to Moramvadi Road, Pune, Maharashtra, India"
Amrutnagar Road,"Amrutnagar Road, Pune, Maharashtra, India"
Bazarpeth Road,"Bazarpeth Road, Pune, Maharashtra, India"
Dharmveer Chhatrapati Shambhaji Maharaj Flyover,"Dharmveer Chhatrapati Shambhaji Maharaj Flyover, Pune, Maharashtra, India"
IIIIT road,"IIIIT road, Pune, Maharashtra, India"
Cricket Academy Road,"Cricket Academy Road, Pune, Maharashtra, India"
Hadsar-Rajmarg,"Hadsar-Rajmarg, Pune, Maharashtra, India"
Durg fort route,"Durg fort route, Pune, Maharashtra, India"
Rajmachi Trek Road,"Rajmachi Trek Road, Pune, Maharashtra, India"
उधेवाडी भैरवनाथ देऊळ पायऱ्या,"उधेवाडी भैरवनाथ देऊळ पायऱ्या, Pune, Maharashtra, India"
Dare ghat,"Dare ghat, Pune, Maharashtra, India"
Dara Ghat,"Dara Ghat, Pune, Maharashtra, India"
Chorkana,"Chorkana, Pune, Maharashtra, India"
Dr. Ketkar Path,"Dr. Ketkar Path, Pune, Maharashtra, India"
Green County Phase 1 Road,"Green County Phase 1 Road, Pune, Maharashtra, India"
Pawar Nagar Colony 4,"Pawar Nagar Colony 4, Pune, Maharashtra, India"
Pune Ring Road,"Pune Ring Road, Pune, Maharashtra, India"
Pune-Bengaluru Expressway,"Pune-Bengaluru Expressway, Pune, Maharashtra, India"
PCCOE Gate,"PCCOE Gate, Pune, Maharashtra, India"
Alankapuram Road,"Alankapuram Road, Pune, Maharashtra, India"
7th Heaven Road,"7th Heaven Road, Pune, Maharashtra, India"
Fursungi Bhekrai Road,"Fursungi Bhekrai Road, Pune, Maharashtra, India"
Zen Estate Society Road,"Zen Estate Society Road, Pune, Maharashtra, India"
हिंजवडी मारुंजी टेकडी वाट,"हिंजवडी मारुंजी टेकडी वाट, Pune, Maharashtra, India"
Wonder City Road,"Wonder City Road, Pune, Maharashtra, India"
Shiv Shakti Chowk,"Shiv Shakti Chowk, Pune, Maharashtra, India"
Trail to Taljai from Kshitij Swimming Pool,"Trail to Taljai from Kshitij Swimming Pool, Pune, Maharashtra, India"
Bawdhan to Warje Link,"Bawdhan to Warje Link, Pune, Maharashtra, India"
Shivtirth Nagar road,"Shivtirth Nagar road, Pune, Maharashtra, India"
गोधनेश्वर देऊळ वाट,"गोधनेश्वर देऊळ वाट, Pune, Maharashtra, India"
श्रीवर्धन गड वाट,"श्रीवर्धन गड वाट, Pune, Maharashtra, India"
Lane No 10-B,"Lane No 10-B, Pune, Maharashtra, India"
Bopdev ghat trails,"Bopdev ghat trails, Pune, Maharashtra, India"
Wadachi Wadi Trails,"Wadachi Wadi Trails, Pune, Maharashtra, India"
Kalwad Area Road,"Kalwad Area Road, Pune, Maharashtra, India"
nandan prospera gold road,"nandan prospera gold road, Pune, Maharashtra, India"
Goodwill Square Mall Road,"Goodwill Square Mall Road, Pune, Maharashtra, India"
Green Life Society Road,"Green Life Society Road, Pune, Maharashtra, India"
La Melosa Road,"La Melosa Road, Pune, Maharashtra, India"
Harikrushna Mandir Path,"Harikrushna Mandir Path, Pune, Maharashtra, India"
Bageshree Internal Road,"Bageshree Internal Road, Pune, Maharashtra, India"
p,"p, Pune, Maharashtra, India"
Navale Hospital Road,"Navale Hospital Road, Pune, Maharashtra, India"
Nandan PMC Road,"Nandan PMC Road, Pune, Maharashtra, India"
मारुंजी टेकडी वाट,"मारुंजी टेकडी वाट, Pune, Maharashtra, India"
Lane Number 6/1,"Lane Number 6/1, Pune, Maharashtra, India"
Dhole Patil Road,"Dhole Patil Road, Pune, Maharashtra, India"
Padmavati Temple Road,"Padmavati Temple Road, Pune, Maharashtra, India"
indo scots road,"indo scots road, Pune, Maharashtra, India"
Raj PK Phase 1 Road,"Raj PK Phase 1 Road, Pune, Maharashtra, India"
Laxmi Satyam Society Road,"Laxmi Satyam Society Road, Pune, Maharashtra, India"
Acolade Road,"Acolade Road, Pune, Maharashtra, India"
Colonnade Road,"Colonnade Road, Pune, Maharashtra, India"
khanu village trails,"khanu village trails, Pune, Maharashtra, India"
khanu trails,"khanu trails, Pune, Maharashtra, India"
Hadashi Marg,"Hadashi Marg, Pune, Maharashtra, India"
Siddhachal Socity Road,"Siddhachal Socity Road, Pune, Maharashtra, India"
जगताप नगर गल्ली २,"जगताप नगर गल्ली २, Pune, Maharashtra, India"
Dagadupatil nagar lane 3,"Dagadupatil nagar lane 3, Pune, Maharashtra, India"
Samar Paradise Lane,"Samar Paradise Lane, Pune, Maharashtra, India"
Sneh Vihar Road,"Sneh Vihar Road, Pune, Maharashtra, India"
Kotbagi Hospital Lane,"Kotbagi Hospital Lane, Pune, Maharashtra, India"
Khed Bypass / Pune - Nashik Highway,"Khed Bypass / Pune - Nashik Highway, Pune, Maharashtra, India"
Khed Ghat Bypass,"Khed Ghat Bypass, Pune, Maharashtra, India"
Sandbhorwadi - Vehaldara Road,"Sandbhorwadi - Vehaldara Road, Pune, Maharashtra, India"
Lane E,"Lane E, Pune, Maharashtra, India"
Lane No. 3,"Lane No. 3, Pune, Maharashtra, India"
Sondaand,"Sondaand, Pune, Maharashtra, India"
Manchar New Bypass Highway,"Manchar New Bypass Highway, Pune, Maharashtra, India"
Pune - Nashik Highway,"Pune - Nashik Highway, Pune, Maharashtra, India"
Kalamb Bypass,"Kalamb Bypass, Pune, Maharashtra, India"
Victoria Road,"Victoria Road, Pune, Maharashtra, India"
Samrat Colony Lane 1,"Samrat Colony Lane 1, Pune, Maharashtra, India"
comman road,"comman road, Pune, Maharashtra, India"
Satara Link Rd,"Satara Link Rd, Pune, Maharashtra, India"
Navshantiniketan Road,"Navshantiniketan Road, Pune, Maharashtra, India"
BMCC Hostel Rd,"BMCC Hostel Rd, Pune, Maharashtra, India"
Suncity Internal Road,"Suncity Internal Road, Pune, Maharashtra, India"
Local,"Local, Pune, Maharashtra, India"
Madhuraj Society,"Madhuraj Society, Pune, Maharashtra, India"
BSNL Janwadi Road,"BSNL Janwadi Road, Pune, Maharashtra, India"
Panmla road,"Panmla road, Pune, Maharashtra, India"
Shahunagar Link Road,"Shahunagar Link Road, Pune, Maharashtra, India"
Ma Parvez Road,"Ma Parvez Road, Pune, Maharashtra, India"
General Bhagat Marg,"General Bhagat Marg, Pune, Maharashtra, India"
Phaltan Baramati Road,"Phaltan Baramati Road, Pune, Maharashtra, India"
Manjari Railway Flyover,"Manjari Railway Flyover, Pune, Maharashtra, India"
Medical Colllege Road,"Medical Colllege Road, Pune, Maharashtra, India"
Sakharam Waghmare Chowk,"Sakharam Waghmare Chowk, Pune, Maharashtra, India"
sevice road of sarhad college,"sevice road of sarhad college, Pune, Maharashtra, India"
taljai rasta,"taljai rasta, Pune, Maharashtra, India"
Sai Chowk,"Sai Chowk, Pune, Maharashtra, India"
Kukarne Daara,"Kukarne Daara, Pune, Maharashtra, India"
Kukarnyachi vaat,"Kukarnyachi vaat, Pune, Maharashtra, India"
Nali Chi Vaat,"Nali Chi Vaat, Pune, Maharashtra, India"
Hiking path,"Hiking path, Pune, Maharashtra, India"
Sangvi - Bopodi New Bridge,"Sangvi - Bopodi New Bridge, Pune, Maharashtra, India"
Swastik Spira internal road,"Swastik Spira internal road, Pune, Maharashtra, India"
Shreeji Paradise Driveway,"Shreeji Paradise Driveway, Pune, Maharashtra, India"
Nagras Estate Driveway,"Nagras Estate Driveway, Pune, Maharashtra, India"
The Spires Road,"The Spires Road, Pune, Maharashtra, India"
FootPath in Dianosour Garden,"FootPath in Dianosour Garden, Pune, Maharashtra, India"
Kalashree Society Internal Road,"Kalashree Society Internal Road, Pune, Maharashtra, India"
Stature Society Internal Road,"Stature Society Internal Road, Pune, Maharashtra, India"
jay malhar hill road,"jay malhar hill road, Pune, Maharashtra, India"
jay mahlar hill raod,"jay mahlar hill raod, Pune, Maharashtra, India"
Parvati Nilayam bridge steps,"Parvati Nilayam bridge steps, Pune, Maharashtra, India"
Kangude Fram House Road,"Kangude Fram House Road, Pune, Maharashtra, India"
Aastekar farm road,"Aastekar farm road, Pune, Maharashtra, India"
Sai Baba Mandir Road,"Sai Baba Mandir Road, Pune, Maharashtra, India"
Urbano gate,"Urbano gate, Pune, Maharashtra, India"
Dighemala RD,"Dighemala RD, Pune, Maharashtra, India"
Minor Road,"Minor Road, Pune, Maharashtra, India"
Shreenath Mhaskoba Flyover,"Shreenath Mhaskoba Flyover, Pune, Maharashtra, India"
Charholi Road,"Charholi Road, Pune, Maharashtra, India"
Nashik - Pune Road (Ale Phata - Bypass),"Nashik - Pune Road (Ale Phata - Bypass), Pune, Maharashtra, India"
Nashik - Pune Road (Aale Phata - Bypass),"Nashik - Pune Road (Aale Phata - Bypass), Pune, Maharashtra, India"
Range Hills Road (Temporary Diversion Road),"Range Hills Road (Temporary Diversion Road), Pune, Maharashtra, India"
Nirman Aura,"Nirman Aura, Pune, Maharashtra, India"
Nirman Aura B Wing Road,"Nirman Aura B Wing Road, Pune, Maharashtra, India"
Nirman Aura A Wing Road,"Nirman Aura A Wing Road, Pune, Maharashtra, India"
Celesta Internal Road,"Celesta Internal Road, Pune, Maharashtra, India"
Malwadi Road,"Malwadi Road, Pune, Maharashtra, India"
Sinhgad College Road,"Sinhgad College Road, Pune, Maharashtra, India"
Sinhagad Road Flyover,"Sinhagad Road Flyover, Pune, Maharashtra, India"
Dedge Auto Garage Road,"Dedge Auto Garage Road, Pune, Maharashtra, India"
Manik Nagar Lane No.1B,"Manik Nagar Lane No.1B, Pune, Maharashtra, India"
Manik Nagar Lane No.2B,"Manik Nagar Lane No.2B, Pune, Maharashtra, India"
Ladkatwadi Road,"Ladkatwadi Road, Pune, Maharashtra, India"
Farm Road,"Farm Road, Pune, Maharashtra, India"
Linear Park Cycleway,"Linear Park Cycleway, Pune, Maharashtra, India"
AR suites,"AR suites, Pune, Maharashtra, India"
PIC Road,"PIC Road, Pune, Maharashtra, India"
Richardson Road,"Richardson Road, Pune, Maharashtra, India"
Khadki - Bopkhel New Road,"Khadki - Bopkhel New Road, Pune, Maharashtra, India"
Goodwill nest park road,"Goodwill nest park road, Pune, Maharashtra, India"
Yashada Splendid Park Road,"Yashada Splendid Park Road, Pune, Maharashtra, India"
Nivasa Enchante,"Nivasa Enchante, Pune, Maharashtra, India"
Land Access for Soham Jadhav Patil's Home and Farms,"Land Access for Soham Jadhav Patil's Home and Farms, Pune, Maharashtra, India"
XYZ,"XYZ, Pune, Maharashtra, India"
Sobha Nesara Road,"Sobha Nesara Road, Pune, Maharashtra, India"
Mashedicha Dongar,"Mashedicha Dongar, Pune, Maharashtra, India"
Gunya,"Gunya, Pune, Maharashtra, India"
Haudechi Vaat,"Haudechi Vaat, Pune, Maharashtra, India"
Hirdiche Daar (Not in use),"Hirdiche Daar (Not in use), Pune, Maharashtra, India"
Deviidgddaacii Sondd,"Deviidgddaacii Sondd, Pune, Maharashtra, India"
Vaaghji Ghaat,"Vaaghji Ghaat, Pune, Maharashtra, India"
Savargaon Road,"Savargaon Road, Pune, Maharashtra, India"
Season Mall Road,"Season Mall Road, Pune, Maharashtra, India"
patel residency road,"patel residency road, Pune, Maharashtra, India"
Ahilyanagar-Kalyan Road (Aalephata Widened Stretch),"Ahilyanagar-Kalyan Road (Aalephata Widened Stretch), Pune, Maharashtra, India"
inside_route,"inside_route, Pune, Maharashtra, India"
51 Balewadi Residencies internal road,"51 Balewadi Residencies internal road, Pune, Maharashtra, India"
Suvarnayug Loksangam Vihar Society Back-Side Road,"Suvarnayug Loksangam Vihar Society Back-Side Road, Pune, Maharashtra, India"
Kumar Padmalaya Internal Road,"Kumar Padmalaya Internal Road, Pune, Maharashtra, India"
Purva Silver Sands Internal Road,"Purva Silver Sands Internal Road, Pune, Maharashtra, India"
Rajmarg (Pali route),"Rajmarg (Pali route), Pune, Maharashtra, India"
Joyville Road,"Joyville Road, Pune, Maharashtra, India"
मांगनिमाता मंदिर पायवाट (मांगणेवाडीमार्गे ),"मांगनिमाता मंदिर पायवाट (मांगणेवाडीमार्गे ), Pune, Maharashtra, India"
मांगनिमाता मंदिर पायवाट ( गणेश खिंडमार्गे ),"मांगनिमाता मंदिर पायवाट ( गणेश खिंडमार्गे ), Pune, Maharashtra, India"
Goethe Institut Max Mueller Bhavan Pune,"Goethe Institut Max Mueller Bhavan Pune, Pune, Maharashtra, India"
route to lingya ghat nisanicha ghat,"route to lingya ghat nisanicha ghat, Pune, Maharashtra, India"
lingya ghat,"lingya ghat, Pune, Maharashtra, India"
Nisanicha Ghat,"Nisanicha Ghat, Pune, Maharashtra, India"
Saswad Bypass New Road,"Saswad Bypass New Road, Pune, Maharashtra, India"
Vintage Capital,"Vintage Capital, Pune, Maharashtra, India"
Line Number 3,"Line Number 3, Pune, Maharashtra, India"
Road Number 11 C,"Road Number 11 C, Pune, Maharashtra, India"
Park Vista Road Dream Savera Road,"Park Vista Road Dream Savera Road, Pune, Maharashtra, India"
Shiv Ganesh Marg,"Shiv Ganesh Marg, Pune, Maharashtra, India"
Daswani Road,"Daswani Road, Pune, Maharashtra, India"
GK Lane Number 2,"GK Lane Number 2, Pune, Maharashtra, India"
Raw Lane,"Raw Lane, Pune, Maharashtra, India"
Jawaharlal Nehru Road Hedgewar Path,"Jawaharlal Nehru Road Hedgewar Path, Pune, Maharashtra, India"
Jawaharlal Nehru Road,"Jawaharlal Nehru Road, Pune, Maharashtra, India"
Kai Dattatray Krushnaji Bhosale Road,"Kai Dattatray Krushnaji Bhosale Road, Pune, Maharashtra, India"
Pratham Nivas Road,"Pratham Nivas Road, Pune, Maharashtra, India"
Shiv Nagari Road,"Shiv Nagari Road, Pune, Maharashtra, India"
Kai Dattaray Krushnaji Bhosale Road,"Kai Dattaray Krushnaji Bhosale Road, Pune, Maharashtra, India"
Vrindavan Nagar,"Vrindavan Nagar, Pune, Maharashtra, India"
Nigadi Bhosari Road,"Nigadi Bhosari Road, Pune, Maharashtra, India"
Multifit Kharadi Road,"Multifit Kharadi Road, Pune, Maharashtra, India"
18th High Street,"18th High Street, Pune, Maharashtra, India"
Kasturba Gandhi Road,"Kasturba Gandhi Road, Pune, Maharashtra, India"
Vednath S Marg,"Vednath S Marg, Pune, Maharashtra, India"
Grevillea Road,"Grevillea Road, Pune, Maharashtra, India"
Lane Number 18,"Lane Number 18, Pune, Maharashtra, India"
Udyog Nagar Road,"Udyog Nagar Road, Pune, Maharashtra, India"
Parvati Road,"Parvati Road, Pune, Maharashtra, India"
Tapdham Road,"Tapdham Road, Pune, Maharashtra, India"
Lane Number 27A,"Lane Number 27A, Pune, Maharashtra, India"
Ahana Road,"Ahana Road, Pune, Maharashtra, India"
Jaggu Road,"Jaggu Road, Pune, Maharashtra, India"
Kurwande Ghat,"Kurwande Ghat, Pune, Maharashtra, India"
Naandand,"Naandand, Pune, Maharashtra, India"
Ghodejin Ghat,"Ghodejin Ghat, Pune, Maharashtra, India"
Mulshi Road,"Mulshi Road, Pune, Maharashtra, India"
Gavli/Gavlan Ghat,"Gavli/Gavlan Ghat, Pune, Maharashtra, India"
Bhorande Daar,"Bhorande Daar, Pune, Maharashtra, India"
Ghogal Daand,"Ghogal Daand, Pune, Maharashtra, India"
Chikna Ghaat,"Chikna Ghaat, Pune, Maharashtra, India"
Warakhiran Route,"Warakhiran Route, Pune, Maharashtra, India"
Umbarlyachi Waat,"Umbarlyachi Waat, Pune, Maharashtra, India"
Takori Khind,"Takori Khind, Pune, Maharashtra, India"
Yesnicha Dongar,"Yesnicha Dongar, Pune, Maharashtra, India"
Mhasoba Dara,"Mhasoba Dara, Pune, Maharashtra, India"
Niroli Dongar,"Niroli Dongar, Pune, Maharashtra, India"
Payryachi Waat,"Payryachi Waat, Pune, Maharashtra, India"
Kharad Daara,"Kharad Daara, Pune, Maharashtra, India"
Jambhavali Uskan,"Jambhavali Uskan, Pune, Maharashtra, India"
Salthar Loop,"Salthar Loop, Pune, Maharashtra, India"
Wagholi Kesnand Phata PMPML Bus Stand,"Wagholi Kesnand Phata PMPML Bus Stand, Pune, Maharashtra, India"
Deep Dara,"Deep Dara, Pune, Maharashtra, India"
Parking Lot,"Parking Lot, Pune, Maharashtra, India"
Dhakoba Wadi Road,"Dhakoba Wadi Road, Pune, Maharashtra, India"
love road,"love road, Pune, Maharashtra, India"
Internal Road.,"Internal Road., Pune, Maharashtra, India"
Mulberry Gardens 4 Internal Road,"Mulberry Gardens 4 Internal Road, Pune, Maharashtra, India"
Road block,"Road block, Pune, Maharashtra, India"
Gajanan colony,"Gajanan colony, Pune, Maharashtra, India"
Mahadji Shinde Road,"Mahadji Shinde Road, Pune, Maharashtra, India"
Aundh Road,"Aundh Road, Pune, Maharashtra, India"
Spicer College Road,"Spicer College Road, Pune, Maharashtra, India"
Bremen Chowk Road,"Bremen Chowk Road, Pune, Maharashtra, India"
Vidhyapeeth Road,"Vidhyapeeth Road, Pune, Maharashtra, India"
Parihar Chowk Road,"Parihar Chowk Road, Pune, Maharashtra, India"
Chavan Nagar Road,"Chavan Nagar Road, Pune, Maharashtra, India"
Pune Nagar Road,"Pune Nagar Road, Pune, Maharashtra, India"
New Airport Road,"New Airport Road, Pune, Maharashtra, India"
Clover Park Road,"Clover Park Road, Pune, Maharashtra, India"
Datta Mandir Chowk Road,"Datta Mandir Chowk Road, Pune, Maharashtra, India"
Mundhwa Road Bypass,"Mundhwa Road Bypass, Pune, Maharashtra, India"
Mhada Colony Road,"Mhada Colony Road, Pune, Maharashtra, India"
Khalsa Dairy Road,"Khalsa Dairy Road, Pune, Maharashtra, India"
Mundhwa Kharadi Road,"Mundhwa Kharadi Road, Pune, Maharashtra, India"
Amanora Park Town Road,"Amanora Park Town Road, Pune, Maharashtra, India"
Hadapsar Road,"Hadapsar Road, Pune, Maharashtra, India"
Kharadi Bypass Road,"Kharadi Bypass Road, Pune, Maharashtra, India"
Cybercity Internal Road,"Cybercity Internal Road, Pune, Maharashtra, India"
Solapur Highway Link,"Solapur Highway Link, Pune, Maharashtra, India"
Sade Satra Nali Road,"Sade Satra Nali Road, Pune, Maharashtra, India"
Mundhwa Railway Bridge Road,"Mundhwa Railway Bridge Road, Pune, Maharashtra, India"
Shanipar Mandai Road,"Shanipar Mandai Road, Pune, Maharashtra, India"
Barister Gadgil Road,"Barister Gadgil Road, Pune, Maharashtra, India"
Veer Santaji Ghorpade Road,"Veer Santaji Ghorpade Road, Pune, Maharashtra, India"
Kelkar Road,"Kelkar Road, Pune, Maharashtra, India"
Appa Balwant Chowk Road,"Appa Balwant Chowk Road, Pune, Maharashtra, India"
NC Kelkar Road,"NC Kelkar Road, Pune, Maharashtra, India"
Saturday Peth Main Road,"Saturday Peth Main Road, Pune, Maharashtra, India"
Kasba Peth Road,"Kasba Peth Road, Pune, Maharashtra, India"
Dengle Bridge Road,"Dengle Bridge Road, Pune, Maharashtra, India"
Kalyani Nagar Road,"Kalyani Nagar Road, Pune, Maharashtra, India"
North Avenue Road,"North Avenue Road, Pune, Maharashtra, India"
Samrat Ashok Road,"Samrat Ashok Road, Pune, Maharashtra, India"
Jogger's Park Road,"Jogger's Park Road, Pune, Maharashtra, India"
Central Avenue Road,"Central Avenue Road, Pune, Maharashtra, India"
Gold Adlabs Drive,"Gold Adlabs Drive, Pune, Maharashtra, India"
Fitzgerald Bridge Approach,"Fitzgerald Bridge Approach, Pune, Maharashtra, India"
Budhwar Peth,"Budhwar Peth, Pune, Maharashtra, India"
Ganpati Chowk Road,"Ganpati Chowk Road, Pune, Maharashtra, India"
Raviwar Peth Lane,"Raviwar Peth Lane, Pune, Maharashtra, India"
Tambdi Jogeshwari Road,"Tambdi Jogeshwari Road, Pune, Maharashtra, India"
Shukrawar Peth Main,"Shukrawar Peth Main, Pune, Maharashtra, India"
Mandai Market Road,"Mandai Market Road, Pune, Maharashtra, India"
Sonya Maruti Chowk Road,"Sonya Maruti Chowk Road, Pune, Maharashtra, India"
Phadke Haud Road,"Phadke Haud Road, Pune, Maharashtra, India"
Sadhu Vaswani Road,"Sadhu Vaswani Road, Pune, Maharashtra, India"
Connaught Road,"Connaught Road, Pune, Maharashtra, India"
Jehangir Hospital Road,"Jehangir Hospital Road, Pune, Maharashtra, India"
Sassoon Dock Road,"Sassoon Dock Road, Pune, Maharashtra, India"
Kennedy Road,"Kennedy Road, Pune, Maharashtra, India"
Maldhakka Road,"Maldhakka Road, Pune, Maharashtra, India"
Ambedkar Chowk Link,"Ambedkar Chowk Link, Pune, Maharashtra, India"
Lohegaon Road,"Lohegaon Road, Pune, Maharashtra, India"
VIP Road,"VIP Road, Pune, Maharashtra, India"
Tingre Nagar Main Road,"Tingre Nagar Main Road, Pune, Maharashtra, India"
Viman Nagar Link Road,"Viman Nagar Link Road, Pune, Maharashtra, India"
Airport Exit Gantry,"Airport Exit Gantry, Pune, Maharashtra, India"
Sanjay Park Road,"Sanjay Park Road, Pune, Maharashtra, India"
Burma Shell Colony Road,"Burma Shell Colony Road, Pune, Maharashtra, India"
Porwal Road Link,"Porwal Road Link, Pune, Maharashtra, India"
Fergusson College Road,"Fergusson College Road, Pune, Maharashtra, India"
Bhandarkar Road,"Bhandarkar Road, Pune, Maharashtra, India"
Apte Road,"Apte Road, Pune, Maharashtra, India"
Goodluck Chowk Road,"Goodluck Chowk Road, Pune, Maharashtra, India"
Dnyaneshwar Paduka Chowk,"Dnyaneshwar Paduka Chowk, Pune, Maharashtra, India"
Model Colony Road Link,"Model Colony Road Link, Pune, Maharashtra, India"
Tukaram Paduka Chowk,"Tukaram Paduka Chowk, Pune, Maharashtra, India"
Vaishali Restaurant Lane,"Vaishali Restaurant Lane, Pune, Maharashtra, India"
Jangli Maharaj Road,"Jangli Maharaj Road, Pune, Maharashtra, India"
Shivaji Nagar Road,"Shivaji Nagar Road, Pune, Maharashtra, India"
Modern College Road,"Modern College Road, Pune, Maharashtra, India"
Bal Gandharva Ramp,"Bal Gandharva Ramp, Pune, Maharashtra, India"
Congress House Road,"Congress House Road, Pune, Maharashtra, India"
Sanman Hotel Lane,"Sanman Hotel Lane, Pune, Maharashtra, India"
Jhansi Ki Rani Chowk,"Jhansi Ki Rani Chowk, Pune, Maharashtra, India"
Sambhajibaug Internal Track,"Sambhajibaug Internal Track, Pune, Maharashtra, India"
Mutha Riverbed Road,"Mutha Riverbed Road, Pune, Maharashtra, India"
Veerbhadra Nagar Road,"Veerbhadra Nagar Road, Pune, Maharashtra, India"
Pallod Farms Road,"Pallod Farms Road, Pune, Maharashtra, India"
Cosmos Regency Road,"Cosmos Regency Road, Pune, Maharashtra, India"
D-Mart Baner Link,"D-Mart Baner Link, Pune, Maharashtra, India"
Mohan Nagar Road,"Mohan Nagar Road, Pune, Maharashtra, India"
Pan Card Club Cross Road,"Pan Card Club Cross Road, Pune, Maharashtra, India"
High Street Road,"High Street Road, Pune, Maharashtra, India"
Mahalunge Road,"Mahalunge Road, Pune, Maharashtra, India"
Radha Chowk Road,"Radha Chowk Road, Pune, Maharashtra, India"
Mitcon College Road,"Mitcon College Road, Pune, Maharashtra, India"
Cummins India Office Road,"Cummins India Office Road, Pune, Maharashtra, India"
Balewadi Stadium Road,"Balewadi Stadium Road, Pune, Maharashtra, India"
Lalit Estate Road,"Lalit Estate Road, Pune, Maharashtra, India"
Bharati Vidyapeeth Campus Link,"Bharati Vidyapeeth Campus Link, Pune, Maharashtra, India"
Mula River Bank Road,"Mula River Bank Road, Pune, Maharashtra, India"
Mayur Colony Road,"Mayur Colony Road, Pune, Maharashtra, India"
Ideal Colony Road,"Ideal Colony Road, Pune, Maharashtra, India"
Vanaz Corner Road,"Vanaz Corner Road, Pune, Maharashtra, India"
Anand Nagar Main Road,"Anand Nagar Main Road, Pune, Maharashtra, India"
DP Road Kothrud,"DP Road Kothrud, Pune, Maharashtra, India"
Gandhi Bhavan Road,"Gandhi Bhavan Road, Pune, Maharashtra, India"
Gujrat Colony Road,"Gujrat Colony Road, Pune, Maharashtra, India"
Bh务sari Colony Road,"Bh务sari Colony Road, Pune, Maharashtra, India"
Happy Colony Road,"Happy Colony Road, Pune, Maharashtra, India"
Shastri Nagar Road,"Shastri Nagar Road, Pune, Maharashtra, India"
Karve Nagar Main Road,"Karve Nagar Main Road, Pune, Maharashtra, India"
Dahanukar Colony Lane 1,"Dahanukar Colony Lane 1, Pune, Maharashtra, India"
Pratigna Society Road,"Pratigna Society Road, Pune, Maharashtra, India"
Paud Phata Road,"Paud Phata Road, Pune, Maharashtra, India"
Tejas Society Road,"Tejas Society Road, Pune, Maharashtra, India"
Ashish Garden Road,"Ashish Garden Road, Pune, Maharashtra, India"
Dutta Mandir Chowk,"Dutta Mandir Chowk, Pune, Maharashtra, India"
Mhasoba Mandir Road,"Mhasoba Mandir Road, Pune, Maharashtra, India"
Row House Road,"Row House Road, Pune, Maharashtra, India"
Konark Nagar Road,"Konark Nagar Road, Pune, Maharashtra, India"
Sakore Nagar Lane 4,"Sakore Nagar Lane 4, Pune, Maharashtra, India"
Air Force Station Road,"Air Force Station Road, Pune, Maharashtra, India"
Gangapuram Society Road,"Gangapuram Society Road, Pune, Maharashtra, India"
Samrat Ashok Society Road,"Samrat Ashok Society Road, Pune, Maharashtra, India"
Rosary School Road,"Rosary School Road, Pune, Maharashtra, India"
Lunkad Realty Lane,"Lunkad Realty Lane, Pune, Maharashtra, India"
Kailas Market Road,"Kailas Market Road, Pune, Maharashtra, India"
Prestige Point Drive,"Prestige Point Drive, Pune, Maharashtra, India"
Sky Vista Lane,"Sky Vista Lane, Pune, Maharashtra, India"
Udaan Biodiversity Park Road,"Udaan Biodiversity Park Road, Pune, Maharashtra, India"
Giga Space Internal Entry,"Giga Space Internal Entry, Pune, Maharashtra, India"
Symbiosis Law School Campus Link,"Symbiosis Law School Campus Link, Pune, Maharashtra, India"
Ganpati Mandir Lane,"Ganpati Mandir Lane, Pune, Maharashtra, India"
Nirmal Park Road,"Nirmal Park Road, Pune, Maharashtra, India"
Weikfield IT Info Park Access,"Weikfield IT Info Park Access, Pune, Maharashtra, India"
Gold Adlabs Station Road,"Gold Adlabs Station Road, Pune, Maharashtra, India"
South Avenue Road,"South Avenue Road, Pune, Maharashtra, India"
East Avenue Road,"East Avenue Road, Pune, Maharashtra, India"
West Avenue Road,"West Avenue Road, Pune, Maharashtra, India"
Joggers Park Cross Lane,"Joggers Park Cross Lane, Pune, Maharashtra, India"
Bishop School Road,"Bishop School Road, Pune, Maharashtra, India"
Prasanna Corner Track,"Prasanna Corner Track, Pune, Maharashtra, India"
D-Mart Kalyani Nagar Approach,"D-Mart Kalyani Nagar Approach, Pune, Maharashtra, India"
Cybage Towers Internal,"Cybage Towers Internal, Pune, Maharashtra, India"
Trump Towers Enclave,"Trump Towers Enclave, Pune, Maharashtra, India"
Marigold Complex Road,"Marigold Complex Road, Pune, Maharashtra, India"
Saffron Society Lane,"Saffron Society Lane, Pune, Maharashtra, India"
Sky Lounge Road,"Sky Lounge Road, Pune, Maharashtra, India"
Mulik Palace Lane,"Mulik Palace Lane, Pune, Maharashtra, India"
Kumar City Internal Road,"Kumar City Internal Road, Pune, Maharashtra, India"
Jade Residences Track,"Jade Residences Track, Pune, Maharashtra, India"
Royal Orchid Approach,"Royal Orchid Approach, Pune, Maharashtra, India"
Hermes Heritage Loop,"Hermes Heritage Loop, Pune, Maharashtra, India"
Water Bay Road,"Water Bay Road, Pune, Maharashtra, India"
Rajiv Gandhi IT Park Road,"Rajiv Gandhi IT Park Road, Pune, Maharashtra, India"
Hinjawadi Marunji Road,"Hinjawadi Marunji Road, Pune, Maharashtra, India"
